{
  "project_info": {
    "project_number": "1045962582604",
    "firebase_url": "https://androidproject804283808390.firebaseio.com",
    "project_id": "androidproject804283808390",
    "storage_bucket": "androidproject804283808390.appspot.com"
  },
  "client": [
    {
      "client_info": {
        "mobilesdk_app_id": "1:1045962582604:android:19a4ee0983f2c6df7422e9",
        "android_client_info": {
          "package_name": "com.example.android804283808390"
        }
      },
      "oauth_client": [
        {
          "client_id": "1045962582604-gdp4togcsn1icc3u6rqffp0jvqvn5tcb.apps.googleusercontent.com",
          "client_type": 3
        }
      ],
      "api_key": [
        {
          "current_key": "AIzaSyCxicnw-Rg_1CHxkZLi_XJif7BV0_RAJrs"
        }
      ],
      "services": {
        "appinvite_service": {
          "other_platform_oauth_client": [
            {
              "client_id": "1045962582604-gdp4togcsn1icc3u6rqffp0jvqvn5tcb.apps.googleusercontent.com",
              "client_type": 3
            }
          ]
        }
      }
    }
  ],
  "configuration_version": "1"
}